Type,Name,Request Count,Failure Count,Median Response Time,Average Response Time,Min Response Time,Max Response Time,Average Content Size,Requests/s,Failures/s,50%,66%,75%,80%,90%,95%,98%,99%,99.9%,99.99%,100%
POST,/api/models/insurance_charges_model/prediction,620,0,540.0,784.9448488435484,79.58744200001888,2905.101192999993,19.648387096774194,2.2957725425980176,0.0,540,1000,1200,1400,1800,2100,2400,2600,2900,2900,2900
,Aggregated,620,0,540.0,784.9448488435484,79.58744200001888,2905.101192999993,19.648387096774194,2.2957725425980176,0.0,540,1000,1200,1400,1800,2100,2400,2600,2900,2900,2900
